rows,backend,operation,mode,baseline_backend,n_backend,n_baseline,backend_median_seconds,python_median_seconds,time_speedup_python_over_backend,backend_median_peak_rss_bytes,python_median_peak_rss_bytes,memory_ratio_backend_over_python
50000,pandas,filter,cold,python,5,5,0.003424458,0.009942167,2.9032819208178346,73285632,46301184,1.5828025477707006
50000,pandas,filter,warm,python,5,5,0.001351333,0.001125125,0.8326038067596959,73252864,46252032,1.5837761246900461
50000,pandas,group,cold,python,5,5,0.002540166,0.011369167,4.475757489864836,72826880,46268416,1.5740084985835694
50000,pandas,group,warm,python,5,5,0.000890709,0.003792042,4.257329834996614,72876032,46235648,1.5761871013465627
50000,pandas,join,cold,python,5,5,0.004506916,0.012539792,2.7823442904194353,76939264,46235648,1.6640680368532956
50000,pandas,join,warm,python,5,5,0.002312833,0.005364,2.319233597929466,76939264,46202880,1.6652482269503546
50000,python,filter,cold,python,5,5,0.009942167,0.009942167,1.0,46301184,46301184,1.0
50000,python,filter,warm,python,5,5,0.001125125,0.001125125,1.0,46252032,46252032,1.0
50000,python,group,cold,python,5,5,0.011369167,0.011369167,1.0,46268416,46268416,1.0
50000,python,group,warm,python,5,5,0.003792042,0.003792042,1.0,46235648,46235648,1.0
50000,python,join,cold,python,5,5,0.012539792,0.012539792,1.0,46235648,46235648,1.0
50000,python,join,warm,python,5,5,0.005364,0.005364,1.0,46202880,46202880,1.0
50000,sqlite,filter,cold,python,5,5,0.029740833,0.009942167,0.3342934947383619,40599552,46301184,0.8768577494692145
50000,sqlite,filter,warm,python,5,5,0.003096959,0.001125125,0.3632999339029028,40615936,46252032,0.8781438186326603
50000,sqlite,group,cold,python,5,5,0.036170083,0.011369167,0.3143251565112527,41861120,46268416,0.9047450424929179
50000,sqlite,group,warm,python,5,5,0.010093708,0.003792042,0.3756837427831278,41828352,46235648,0.904677533664068
50000,sqlite,join,cold,python,5,5,0.041262625,0.012539792,0.30390194516223823,41746432,46235648,0.9029057406094968
50000,sqlite,join,warm,python,5,5,0.014756875,0.005364,0.36349159290161365,41877504,46202880,0.9063829787234042
250000,pandas,filter,cold,python,5,5,0.008468083,0.042818708,5.056481850732923,88834048,98467840,0.9021630615640599
250000,pandas,filter,warm,python,5,5,0.004589667,0.006255792,1.3630165325719708,88850432,98451456,0.9024796139124647
250000,pandas,group,cold,python,5,5,0.005876,0.045436708,7.732591558883594,86261760,96763904,0.8914663054520826
250000,pandas,group,warm,python,5,5,0.002208625,0.018261666,8.268341615258361,86294528,96780288,0.8916539698662603
250000,pandas,join,cold,python,5,5,0.013222916,0.052756958,3.989812685794873,115212288,96796672,1.1902505077860528
250000,pandas,join,warm,python,5,5,0.007860083,0.027235334,3.4650186263936398,115392512,96878592,1.191104346355488
250000,python,filter,cold,python,5,5,0.042818708,0.042818708,1.0,98467840,98467840,1.0
250000,python,filter,warm,python,5,5,0.006255792,0.006255792,1.0,98451456,98451456,1.0
250000,python,group,cold,python,5,5,0.045436708,0.045436708,1.0,96763904,96763904,1.0
250000,python,group,warm,python,5,5,0.018261666,0.018261666,1.0,96780288,96780288,1.0
250000,python,join,cold,python,5,5,0.052756958,0.052756958,1.0,96796672,96796672,1.0
250000,python,join,warm,python,5,5,0.027235334,0.027235334,1.0,96878592,96878592,1.0
250000,sqlite,filter,cold,python,5,5,0.129797375,0.042818708,0.32988885946268176,55492608,98467840,0.5635607321131447
250000,sqlite,filter,warm,python,5,5,0.015484083,0.006255792,0.40401436752825465,55492608,98451456,0.563654518222666
250000,sqlite,group,cold,python,5,5,0.169310875,0.045436708,0.26836260813134416,61259776,96763904,0.6330849983068066
250000,sqlite,group,warm,python,5,5,0.0559675,0.018261666,0.3262905436190646,61292544,96780288,0.6333164042661249
250000,sqlite,join,cold,python,5,5,0.190658875,0.052756958,0.27670863997283107,61243392,96796672,0.6327014218009479
250000,sqlite,join,warm,python,5,5,0.075778458,0.027235334,0.35940733974819067,61259776,96878592,0.6323355318789109
1000000,pandas,filter,cold,python,5,5,0.027940541,0.223088792,7.984412041270067,149798912,295469056,0.5069868027059998
1000000,pandas,filter,warm,python,5,5,0.017678625,0.027551125,1.5584427521936801,149782528,295469056,0.5069313518908728
1000000,pandas,group,cold,python,5,5,0.017507834,0.173929292,9.934369494250403,129056768,288047104,0.4480404982651726
1000000,pandas,group,warm,python,5,5,0.006624583,0.072134791,10.888955727477489,129105920,288079872,0.44816015469487575
1000000,pandas,join,cold,python,5,5,0.04589025,0.204471291,4.455658685668524,241008640,288129024,0.8364608211076993
1000000,pandas,join,warm,python,5,5,0.028048875,0.107683416,3.839134938567055,240992256,288030720,0.8366894197952218
1000000,python,filter,cold,python,5,5,0.223088792,0.223088792,1.0,295469056,295469056,1.0
1000000,python,filter,warm,python,5,5,0.027551125,0.027551125,1.0,295469056,295469056,1.0
1000000,python,group,cold,python,5,5,0.173929292,0.173929292,1.0,288047104,288047104,1.0
1000000,python,group,warm,python,5,5,0.072134791,0.072134791,1.0,288079872,288079872,1.0
1000000,python,join,cold,python,5,5,0.204471291,0.204471291,1.0,288129024,288129024,1.0
1000000,python,join,warm,python,5,5,0.107683416,0.107683416,1.0,288030720,288030720,1.0
1000000,sqlite,filter,cold,python,5,5,0.509936709,0.223088792,0.4374832955985524,119439360,295469056,0.40423644227570144
1000000,sqlite,filter,warm,python,5,5,0.064068833,0.027551125,0.43002383077587814,119406592,295469056,0.4041255406454475
1000000,sqlite,group,cold,python,5,5,0.815283167,0.173929292,0.21333605186527788,135135232,288047104,0.4691428246402366
1000000,sqlite,group,warm,python,5,5,0.3801555,0.072134791,0.18975074936440484,135184384,288079872,0.46926008075982484
1000000,sqlite,join,cold,python,5,5,0.767628375,0.204471291,0.2663675518769092,135249920,288129024,0.46940748322529285
1000000,sqlite,join,warm,python,5,5,0.317695083,0.107683416,0.3389521014399836,135168000,288030720,0.46928327645051193
