rows,backend,operation,mode,n,elapsed_seconds_median,elapsed_seconds_min,elapsed_seconds_max,elapsed_seconds_q1,elapsed_seconds_q3,peak_rss_bytes_median,peak_rss_bytes_min,peak_rss_bytes_max,peak_rss_bytes_q1,peak_rss_bytes_q3
50000,pandas,filter,cold,5,0.003424458,0.003158375,0.003502459,0.003191042,0.003436375,73285632,73203712,73302016,73203712.0,73302016.0
50000,pandas,filter,warm,5,0.001351333,0.00124,0.001386375,0.001316084,0.0013775,73252864,73187328,73416704,73220096.0,73252864.0
50000,pandas,group,cold,5,0.002540166,0.002371167,0.002971417,0.0025325,0.0027755,72826880,72777728,73121792,72794112.0,72843264.0
50000,pandas,group,warm,5,0.000890709,0.000857416,0.001102416,0.000882292,0.001007459,72876032,72794112,73072640,72810496.0,72892416.0
50000,pandas,join,cold,5,0.004506916,0.004500709,0.005027292,0.004503166,0.004575167,76939264,76873728,76955648,76922880.0,76955648.0
50000,pandas,join,warm,5,0.002312833,0.002113292,0.002778,0.002223792,0.002343458,76939264,76922880,77021184,76922880.0,76955648.0
50000,python,filter,cold,5,0.009942167,0.009614833,0.011467917,0.009718542,0.010160875,46301184,46202880,46350336,46268416.0,46317568.0
50000,python,filter,warm,5,0.001125125,0.001118042,0.001223125,0.001125083,0.001179917,46252032,46235648,46268416,46235648.0,46268416.0
50000,python,group,cold,5,0.011369167,0.010795167,0.011429,0.011101125,0.011400041,46268416,46186496,46383104,46219264.0,46284800.0
50000,python,group,warm,5,0.003792042,0.003692,0.003864583,0.003710916,0.003816708,46235648,46153728,46317568,46219264.0,46252032.0
50000,python,join,cold,5,0.012539792,0.012189417,0.013276709,0.012499667,0.012956208,46235648,46219264,46252032,46235648.0,46252032.0
50000,python,join,warm,5,0.005364,0.005252875,0.005529458,0.005317083,0.005525083,46202880,46153728,46268416,46186496.0,46268416.0
50000,sqlite,filter,cold,5,0.029740833,0.029227542,0.030021208,0.029571458,0.029820792,40599552,40468480,40648704,40566784.0,40599552.0
50000,sqlite,filter,warm,5,0.003096959,0.003016459,0.003202,0.003085417,0.003160458,40615936,40534016,40665088,40583168.0,40615936.0
50000,sqlite,group,cold,5,0.036170083,0.034868416,0.036872291,0.035404209,0.036200958,41861120,41713664,41893888,41811968.0,41877504.0
50000,sqlite,group,warm,5,0.010093708,0.009292208,0.010179667,0.009895042,0.010172375,41828352,41746432,41893888,41779200.0,41877504.0
50000,sqlite,join,cold,5,0.041262625,0.041059166,0.041738625,0.041185041,0.04147475,41746432,41664512,41926656,41697280.0,41861120.0
50000,sqlite,join,warm,5,0.014756875,0.014716542,0.015056875,0.014729166,0.014963,41877504,41779200,41910272,41795584.0,41910272.0
250000,pandas,filter,cold,5,0.008468083,0.008296417,0.009246458,0.00831625,0.00850625,88834048,88702976,88899584,88768512.0,88866816.0
250000,pandas,filter,warm,5,0.004589667,0.004451875,0.005262083,0.004571042,0.004831875,88850432,88817664,88948736,88834048.0,88948736.0
250000,pandas,group,cold,5,0.005876,0.005716959,0.006602375,0.005769125,0.005956708,86261760,86261760,86310912,86261760.0,86278144.0
250000,pandas,group,warm,5,0.002208625,0.002077125,0.002437875,0.002180833,0.002279166,86294528,86196224,86409216,86278144.0,86343680.0
250000,pandas,join,cold,5,0.013222916,0.013012458,0.016282083,0.013154542,0.01558975,115212288,115146752,115245056,115195904.0,115212288.0
250000,pandas,join,warm,5,0.007860083,0.007721334,0.008145458,0.007750208,0.007944417,115392512,115310592,115523584,115359744.0,115458048.0
250000,python,filter,cold,5,0.042818708,0.042014875,0.044028417,0.0421055,0.042938042,98467840,98435072,98762752,98435072.0,98484224.0
250000,python,filter,warm,5,0.006255792,0.005893875,0.006601459,0.006038334,0.006444791,98451456,98385920,98779136,98435072.0,98713600.0
250000,python,group,cold,5,0.045436708,0.04501825,0.046519333,0.045278625,0.045635209,96763904,96763904,96845824,96763904.0,96813056.0
250000,python,group,warm,5,0.018261666,0.018104084,0.01836425,0.018225625,0.018334,96780288,96714752,97337344,96780288.0,96813056.0
250000,python,join,cold,5,0.052756958,0.0517535,0.05379775,0.052682916,0.053388416,96796672,96747520,96862208,96780288.0,96813056.0
250000,python,join,warm,5,0.027235334,0.026718333,0.028523666,0.026984375,0.0274835,96878592,96813056,96944128,96862208.0,96894976.0
250000,sqlite,filter,cold,5,0.129797375,0.127519792,0.131440709,0.128304,0.13089325,55492608,55459840,55607296,55459840.0,55525376.0
250000,sqlite,filter,warm,5,0.015484083,0.015287125,0.015857916,0.01540525,0.01552675,55492608,55377920,55574528,55427072.0,55508992.0
250000,sqlite,group,cold,5,0.169310875,0.167092,0.177841834,0.16865825,0.170632458,61259776,61194240,61358080,61243392.0,61292544.0
250000,sqlite,group,warm,5,0.0559675,0.05199,0.056771375,0.054484042,0.056374833,61292544,61177856,61407232,61276160.0,61292544.0
250000,sqlite,join,cold,5,0.190658875,0.189475208,0.191186458,0.190127709,0.191003542,61243392,61161472,61308928,61194240.0,61259776.0
250000,sqlite,join,warm,5,0.075778458,0.0757,0.07723225,0.075740166,0.076613291,61259776,61145088,61341696,61227008.0,61276160.0
1000000,pandas,filter,cold,5,0.027940541,0.027366458,0.028497791,0.027895917,0.028402792,149798912,149667840,149831680,149700608.0,149798912.0
1000000,pandas,filter,warm,5,0.017678625,0.017037417,0.018133,0.017211292,0.017803458,149782528,149716992,149848064,149766144.0,149782528.0
1000000,pandas,group,cold,5,0.017507834,0.016928084,0.018387542,0.0172105,0.018098875,129056768,129056768,129138688,129056768.0,129105920.0
1000000,pandas,group,warm,5,0.006624583,0.006510708,0.007377459,0.006599708,0.006803209,129105920,129007616,129236992,129056768.0,129155072.0
1000000,pandas,join,cold,5,0.04589025,0.044423083,0.051940292,0.045474625,0.046278209,241008640,240910336,241238016,240959488.0,241074176.0
1000000,pandas,join,warm,5,0.028048875,0.026985375,0.029668125,0.027880584,0.028103167,240992256,240926720,241025024,240959488.0,241008640.0
1000000,python,filter,cold,5,0.223088792,0.214323375,0.24159725,0.218648875,0.226877375,295469056,295403520,295780352,295419904.0,295567360.0
1000000,python,filter,warm,5,0.027551125,0.026625791,0.028120166,0.027340167,0.027960417,295469056,295436288,295501824,295452672.0,295501824.0
1000000,python,group,cold,5,0.173929292,0.170223042,0.176428583,0.1738045,0.175380292,288047104,287965184,288309248,288014336.0,288129024.0
1000000,python,group,warm,5,0.072134791,0.071672083,0.072877333,0.071827584,0.072795167,288079872,287981568,288096256,288063488.0,288079872.0
1000000,python,join,cold,5,0.204471291,0.203019458,0.2124165,0.204262083,0.206787917,288129024,288014336,288161792,288047104.0,288129024.0
1000000,python,join,warm,5,0.107683416,0.106193792,0.108114667,0.106934458,0.10808325,288030720,287981568,288161792,288014336.0,288161792.0
1000000,sqlite,filter,cold,5,0.509936709,0.506119708,0.521708459,0.507807333,0.513149875,119439360,119406592,119488512,119422976.0,119455744.0
1000000,sqlite,filter,warm,5,0.064068833,0.063569875,0.064651,0.063976,0.064313,119406592,119390208,119439360,119390208.0,119439360.0
1000000,sqlite,group,cold,5,0.815283167,0.797981209,0.841719292,0.812634167,0.832534417,135135232,135086080,135299072,135118848.0,135135232.0
1000000,sqlite,group,warm,5,0.3801555,0.348191666,0.433135583,0.377233708,0.385512084,135184384,135151616,135528448,135168000.0,135348224.0
1000000,sqlite,join,cold,5,0.767628375,0.766164042,0.768709917,0.767332166,0.767795084,135249920,135118848,135315456,135168000.0,135282688.0
1000000,sqlite,join,warm,5,0.317695083,0.312572417,0.453984791,0.317437041,0.318052708,135168000,135086080,135200768,135151616.0,135184384.0
