order,block,rows,repeat,backend,operation,mode,phase,data_seed,schedule_seed,load_before,telemetry_before,valid,elapsed_seconds,process_cpu_seconds,peak_rss_bytes,baseline_peak_rss_bytes,end_peak_rss_bytes,import_and_startup_seconds,source_load_seconds,prepare_seconds,prime_seconds,validation_seconds,result_rows,result_sha256,started_utc,finished_utc,thread_settings,returncode,worker_wall_seconds,telemetry_after,load_after
1,1,10000,1,pandas,join,cold,pilot,20261001,73130,"[3.00634765625, 3.4677734375, 3.26708984375]","{""load_average"": [3.00634765625, 3.4677734375, 3.26708984375], ""Pages free"": 5125, ""Pages throttled"": 0, ""Pageouts"": 250418, ""Swapouts"": 1206130}",True,0.002711542,0.0023959999999999815,70811648,68911104,70844416,0.23091091699461685,0.000971125,0.000131042,0.0,2.1958e-05,8,4793c312b8bab57a7aae7cf49afc402f7c33c1316ffa6cf9acd2cc6464cf4231,2026-10-01T18:14:55.001340+00:00,2026-10-01T18:14:55.004409+00:00,"{""OMP_NUM_THREADS"": ""1"", ""OPENBLAS_NUM_THREADS"": ""1"", ""MKL_NUM_THREADS"": ""1"", ""VECLIB_MAXIMUM_THREADS"": ""1"", ""NUMEXPR_NUM_THREADS"": ""1""}",0,0.26864787499653175,"{""load_average"": [3.00634765625, 3.4677734375, 3.26708984375], ""Pages free"": 6773, ""Pages throttled"": 0, ""Pageouts"": 250707, ""Swapouts"": 1206130}","[3.00634765625, 3.4677734375, 3.26708984375]"
2,1,10000,1,python,join,cold,pilot,20261001,73130,"[3.00634765625, 3.4677734375, 3.26708984375]","{""load_average"": [3.00634765625, 3.4677734375, 3.26708984375], ""Pages free"": 7737, ""Pages throttled"": 0, ""Pageouts"": 250707, ""Swapouts"": 1206130}",True,0.0049145,0.004055000000000003,35864576,31932416,35897344,0.04633879200264346,0.002922375,0.000969958,0.0,2.5542e-05,8,4793c312b8bab57a7aae7cf49afc402f7c33c1316ffa6cf9acd2cc6464cf4231,2026-10-01T18:14:55.094174+00:00,2026-10-01T18:14:55.099437+00:00,"{""OMP_NUM_THREADS"": ""1"", ""OPENBLAS_NUM_THREADS"": ""1"", ""MKL_NUM_THREADS"": ""1"", ""VECLIB_MAXIMUM_THREADS"": ""1"", ""NUMEXPR_NUM_THREADS"": ""1""}",0,0.07248645900108386,"{""load_average"": [3.00634765625, 3.4677734375, 3.26708984375], ""Pages free"": 6480, ""Pages throttled"": 0, ""Pageouts"": 250707, ""Swapouts"": 1206130}","[3.00634765625, 3.4677734375, 3.26708984375]"
3,1,10000,1,sqlite,join,cold,pilot,20261001,73130,"[3.00634765625, 3.4677734375, 3.26708984375]","{""load_average"": [3.00634765625, 3.4677734375, 3.26708984375], ""Pages free"": 6721, ""Pages throttled"": 0, ""Pageouts"": 250707, ""Swapouts"": 1206130}",True,0.011209584,0.010623,36995072,31866880,37027840,0.04400195900234394,0.00217525,0.006227625,0.0,2.8792e-05,8,4793c312b8bab57a7aae7cf49afc402f7c33c1316ffa6cf9acd2cc6464cf4231,2026-10-01T18:14:55.170988+00:00,2026-10-01T18:14:55.182530+00:00,"{""OMP_NUM_THREADS"": ""1"", ""OPENBLAS_NUM_THREADS"": ""1"", ""MKL_NUM_THREADS"": ""1"", ""VECLIB_MAXIMUM_THREADS"": ""1"", ""NUMEXPR_NUM_THREADS"": ""1""}",0,0.07494991600106005,"{""load_average"": [3.00634765625, 3.4677734375, 3.26708984375], ""Pages free"": 9069, ""Pages throttled"": 0, ""Pageouts"": 250707, ""Swapouts"": 1206130}","[3.00634765625, 3.4677734375, 3.26708984375]"
4,1,10000,1,pandas,filter,cold,pilot,20261001,73130,"[3.00634765625, 3.4677734375, 3.26708984375]","{""load_average"": [3.00634765625, 3.4677734375, 3.26708984375], ""Pages free"": 7764, ""Pages throttled"": 0, ""Pageouts"": 250707, ""Swapouts"": 1206130}",True,0.002395958,0.0020870000000000055,70402048,68993024,70500352,0.22646208399964962,0.001024708,0.000174834,0.0,0.000256,1119,709751940f292885e4d56d083a9ba99bf1db9dfce5b88b595039dc855847accb,2026-10-01T18:14:55.437466+00:00,2026-10-01T18:14:55.440459+00:00,"{""OMP_NUM_THREADS"": ""1"", ""OPENBLAS_NUM_THREADS"": ""1"", ""MKL_NUM_THREADS"": ""1"", ""VECLIB_MAXIMUM_THREADS"": ""1"", ""NUMEXPR_NUM_THREADS"": ""1""}",0,0.26804716699552955,"{""load_average"": [3.00634765625, 3.4677734375, 3.26708984375], ""Pages free"": 6865, ""Pages throttled"": 0, ""Pageouts"": 250707, ""Swapouts"": 1206130}","[3.00634765625, 3.4677734375, 3.26708984375]"
5,1,10000,1,sqlite,group,warm,pilot,20261001,73130,"[3.00634765625, 3.4677734375, 3.26708984375]","{""load_average"": [3.00634765625, 3.4677734375, 3.26708984375], ""Pages free"": 6838, ""Pages throttled"": 0, ""Pageouts"": 250707, ""Swapouts"": 1206130}",True,0.001954417,0.0019390000000000032,36913152,31817728,36945920,0.04458216700004414,0.002674625,0.006003042,0.001844458,4.8333e-05,64,c239f2ddcad08fca3dad82c1a9e62ea824796ca05d09fa6a0bb8216c273570ad,2026-10-01T18:14:55.531232+00:00,2026-10-01T18:14:55.545990+00:00,"{""OMP_NUM_THREADS"": ""1"", ""OPENBLAS_NUM_THREADS"": ""1"", ""MKL_NUM_THREADS"": ""1"", ""VECLIB_MAXIMUM_THREADS"": ""1"", ""NUMEXPR_NUM_THREADS"": ""1""}",0,0.07881520799855934,"{""load_average"": [3.00634765625, 3.4677734375, 3.26708984375], ""Pages free"": 7973, ""Pages throttled"": 0, ""Pageouts"": 250707, ""Swapouts"": 1206130}","[3.00634765625, 3.4677734375, 3.26708984375]"
6,1,10000,1,pandas,group,warm,pilot,20261001,73130,"[3.00634765625, 3.4677734375, 3.26708984375]","{""load_average"": [3.00634765625, 3.4677734375, 3.26708984375], ""Pages free"": 7933, ""Pages throttled"": 0, ""Pageouts"": 250707, ""Swapouts"": 1206130}",True,0.000829916,0.0007570000000000077,70287360,68861952,70320128,0.22946629200305324,0.000764584,0.0001315,0.000816958,6.05e-05,64,c239f2ddcad08fca3dad82c1a9e62ea824796ca05d09fa6a0bb8216c273570ad,2026-10-01T18:14:55.802890+00:00,2026-10-01T18:14:55.809973+00:00,"{""OMP_NUM_THREADS"": ""1"", ""OPENBLAS_NUM_THREADS"": ""1"", ""MKL_NUM_THREADS"": ""1"", ""VECLIB_MAXIMUM_THREADS"": ""1"", ""NUMEXPR_NUM_THREADS"": ""1""}",0,0.2715125419999822,"{""load_average"": [3.00634765625, 3.4677734375, 3.26708984375], ""Pages free"": 8210, ""Pages throttled"": 0, ""Pageouts"": 250707, ""Swapouts"": 1206130}","[3.00634765625, 3.4677734375, 3.26708984375]"
7,1,10000,1,python,filter,cold,pilot,20261001,73130,"[3.00634765625, 3.4677734375, 3.26708984375]","{""load_average"": [3.00634765625, 3.4677734375, 3.26708984375], ""Pages free"": 8188, ""Pages throttled"": 0, ""Pageouts"": 250707, ""Swapouts"": 1206130}",True,0.003889292,0.0032119999999999996,35799040,31866880,35831808,0.04713066600379534,0.002622792,0.001055375,0.0,0.000271041,1119,709751940f292885e4d56d083a9ba99bf1db9dfce5b88b595039dc855847accb,2026-10-01T18:14:55.900371+00:00,2026-10-01T18:14:55.904878+00:00,"{""OMP_NUM_THREADS"": ""1"", ""OPENBLAS_NUM_THREADS"": ""1"", ""MKL_NUM_THREADS"": ""1"", ""VECLIB_MAXIMUM_THREADS"": ""1"", ""NUMEXPR_NUM_THREADS"": ""1""}",0,0.07233979200100293,"{""load_average"": [3.00634765625, 3.4677734375, 3.26708984375], ""Pages free"": 8289, ""Pages throttled"": 0, ""Pageouts"": 250707, ""Swapouts"": 1206130}","[3.00634765625, 3.4677734375, 3.26708984375]"
8,1,10000,1,pandas,join,warm,pilot,20261001,73130,"[3.00634765625, 3.4677734375, 3.26708984375]","{""load_average"": [3.00634765625, 3.4677734375, 3.26708984375], ""Pages free"": 8549, ""Pages throttled"": 0, ""Pageouts"": 250707, ""Swapouts"": 1206130}",True,0.001420583,0.0014250000000000096,70762496,68861952,70795264,0.22369199999957345,0.000849208,0.000157958,0.002072625,3.3958e-05,8,4793c312b8bab57a7aae7cf49afc402f7c33c1316ffa6cf9acd2cc6464cf4231,2026-10-01T18:14:56.156301+00:00,2026-10-01T18:14:56.166840+00:00,"{""OMP_NUM_THREADS"": ""1"", ""OPENBLAS_NUM_THREADS"": ""1"", ""MKL_NUM_THREADS"": ""1"", ""VECLIB_MAXIMUM_THREADS"": ""1"", ""NUMEXPR_NUM_THREADS"": ""1""}",0,0.2695731669955421,"{""load_average"": [3.00634765625, 3.4677734375, 3.26708984375], ""Pages free"": 8276, ""Pages throttled"": 0, ""Pageouts"": 250707, ""Swapouts"": 1206130}","[3.00634765625, 3.4677734375, 3.26708984375]"
9,1,10000,1,python,join,warm,pilot,20261001,73130,"[3.00634765625, 3.4677734375, 3.26708984375]","{""load_average"": [3.00634765625, 3.4677734375, 3.26708984375], ""Pages free"": 7484, ""Pages throttled"": 0, ""Pageouts"": 250707, ""Swapouts"": 1206130}",True,0.00102875,0.0010319999999999982,35848192,31899648,35880960,0.04785300000366988,0.002712375,0.000969834,0.001019292,3.1625e-05,8,4793c312b8bab57a7aae7cf49afc402f7c33c1316ffa6cf9acd2cc6464cf4231,2026-10-01T18:14:56.258733+00:00,2026-10-01T18:14:56.266717+00:00,"{""OMP_NUM_THREADS"": ""1"", ""OPENBLAS_NUM_THREADS"": ""1"", ""MKL_NUM_THREADS"": ""1"", ""VECLIB_MAXIMUM_THREADS"": ""1"", ""NUMEXPR_NUM_THREADS"": ""1""}",0,0.07531020799797261,"{""load_average"": [3.00634765625, 3.4677734375, 3.26708984375], ""Pages free"": 7249, ""Pages throttled"": 0, ""Pageouts"": 250707, ""Swapouts"": 1206130}","[3.00634765625, 3.4677734375, 3.26708984375]"
10,1,10000,1,pandas,filter,warm,pilot,20261001,73130,"[3.00634765625, 3.4677734375, 3.26708984375]","{""load_average"": [3.00634765625, 3.4677734375, 3.26708984375], ""Pages free"": 7228, ""Pages throttled"": 0, ""Pageouts"": 250707, ""Swapouts"": 1206130}",True,0.000900833,0.0009059999999999901,70598656,69058560,70696960,0.22705479199794354,0.000811959,0.000146583,0.001249791,0.000302792,1119,709751940f292885e4d56d083a9ba99bf1db9dfce5b88b595039dc855847accb,2026-10-01T18:14:56.521575+00:00,2026-10-01T18:14:56.530880+00:00,"{""OMP_NUM_THREADS"": ""1"", ""OPENBLAS_NUM_THREADS"": ""1"", ""MKL_NUM_THREADS"": ""1"", ""VECLIB_MAXIMUM_THREADS"": ""1"", ""NUMEXPR_NUM_THREADS"": ""1""}",0,0.2761537499973201,"{""load_average"": [3.00634765625, 3.4677734375, 3.26708984375], ""Pages free"": 7897, ""Pages throttled"": 0, ""Pageouts"": 250707, ""Swapouts"": 1206130}","[3.00634765625, 3.4677734375, 3.26708984375]"
11,1,10000,1,sqlite,group,cold,pilot,20261001,73130,"[3.00634765625, 3.4677734375, 3.26708984375]","{""load_average"": [3.00634765625, 3.4677734375, 3.26708984375], ""Pages free"": 7861, ""Pages throttled"": 0, ""Pageouts"": 250707, ""Swapouts"": 1206130}",True,0.010698167,0.009864000000000005,36880384,31866880,36913152,0.046171540998329874,0.002806292,0.006066958,0.0,4.2708e-05,64,c239f2ddcad08fca3dad82c1a9e62ea824796ca05d09fa6a0bb8216c273570ad,2026-10-01T18:14:56.626723+00:00,2026-10-01T18:14:56.637644+00:00,"{""OMP_NUM_THREADS"": ""1"", ""OPENBLAS_NUM_THREADS"": ""1"", ""MKL_NUM_THREADS"": ""1"", ""VECLIB_MAXIMUM_THREADS"": ""1"", ""NUMEXPR_NUM_THREADS"": ""1""}",0,0.07873191600083373,"{""load_average"": [2.92529296875, 3.443359375, 3.25927734375], ""Pages free"": 9372, ""Pages throttled"": 0, ""Pageouts"": 250707, ""Swapouts"": 1206130}","[2.92529296875, 3.443359375, 3.25927734375]"
12,1,10000,1,sqlite,join,warm,pilot,20261001,73130,"[2.92529296875, 3.443359375, 3.25927734375]","{""load_average"": [2.92529296875, 3.443359375, 3.25927734375], ""Pages free"": 9337, ""Pages throttled"": 0, ""Pageouts"": 250707, ""Swapouts"": 1206130}",True,0.003081292,0.0030549999999999952,36995072,31866880,37027840,0.046930666998378,0.002330541,0.006025959,0.002935584,4.05e-05,8,4793c312b8bab57a7aae7cf49afc402f7c33c1316ffa6cf9acd2cc6464cf4231,2026-10-01T18:14:56.714194+00:00,2026-10-01T18:14:56.730721+00:00,"{""OMP_NUM_THREADS"": ""1"", ""OPENBLAS_NUM_THREADS"": ""1"", ""MKL_NUM_THREADS"": ""1"", ""VECLIB_MAXIMUM_THREADS"": ""1"", ""NUMEXPR_NUM_THREADS"": ""1""}",0,0.08389379199797986,"{""load_average"": [2.92529296875, 3.443359375, 3.25927734375], ""Pages free"": 8188, ""Pages throttled"": 0, ""Pageouts"": 250707, ""Swapouts"": 1206130}","[2.92529296875, 3.443359375, 3.25927734375]"
13,1,10000,1,sqlite,filter,warm,pilot,20261001,73130,"[2.92529296875, 3.443359375, 3.25927734375]","{""load_average"": [2.92529296875, 3.443359375, 3.25927734375], ""Pages free"": 8413, ""Pages throttled"": 0, ""Pageouts"": 250707, ""Swapouts"": 1206130}",True,0.00060475,0.0006080000000000044,36700160,31981568,36732928,0.04847887499636272,0.002652583,0.006269834,0.000606,0.000273875,1119,709751940f292885e4d56d083a9ba99bf1db9dfce5b88b595039dc855847accb,2026-10-01T18:14:56.807935+00:00,2026-10-01T18:14:56.820391+00:00,"{""OMP_NUM_THREADS"": ""1"", ""OPENBLAS_NUM_THREADS"": ""1"", ""MKL_NUM_THREADS"": ""1"", ""VECLIB_MAXIMUM_THREADS"": ""1"", ""NUMEXPR_NUM_THREADS"": ""1""}",0,0.08182604100147728,"{""load_average"": [2.92529296875, 3.443359375, 3.25927734375], ""Pages free"": 5446, ""Pages throttled"": 0, ""Pageouts"": 250707, ""Swapouts"": 1206130}","[2.92529296875, 3.443359375, 3.25927734375]"
14,1,10000,1,python,group,cold,pilot,20261001,73130,"[2.92529296875, 3.443359375, 3.25927734375]","{""load_average"": [2.92529296875, 3.443359375, 3.25927734375], ""Pages free"": 5412, ""Pages throttled"": 0, ""Pageouts"": 250707, ""Swapouts"": 1206130}",True,0.004279833,0.0035390000000000005,35799040,31866880,35831808,0.04806433300109347,0.002561208,0.001018875,0.0,3.825e-05,64,c239f2ddcad08fca3dad82c1a9e62ea824796ca05d09fa6a0bb8216c273570ad,2026-10-01T18:14:56.897010+00:00,2026-10-01T18:14:56.901601+00:00,"{""OMP_NUM_THREADS"": ""1"", ""OPENBLAS_NUM_THREADS"": ""1"", ""MKL_NUM_THREADS"": ""1"", ""VECLIB_MAXIMUM_THREADS"": ""1"", ""NUMEXPR_NUM_THREADS"": ""1""}",0,0.07377899999846704,"{""load_average"": [2.92529296875, 3.443359375, 3.25927734375], ""Pages free"": 7058, ""Pages throttled"": 0, ""Pageouts"": 250707, ""Swapouts"": 1206130}","[2.92529296875, 3.443359375, 3.25927734375]"
15,1,10000,1,python,group,warm,pilot,20261001,73130,"[2.92529296875, 3.443359375, 3.25927734375]","{""load_average"": [2.92529296875, 3.443359375, 3.25927734375], ""Pages free"": 7035, ""Pages throttled"": 0, ""Pageouts"": 250707, ""Swapouts"": 1206130}",True,0.000665125,0.0006680000000000019,35782656,31850496,35831808,0.04785904099844629,0.002861667,0.000957292,0.000639708,4.0042e-05,64,c239f2ddcad08fca3dad82c1a9e62ea824796ca05d09fa6a0bb8216c273570ad,2026-10-01T18:14:56.978176+00:00,2026-10-01T18:14:56.985148+00:00,"{""OMP_NUM_THREADS"": ""1"", ""OPENBLAS_NUM_THREADS"": ""1"", ""MKL_NUM_THREADS"": ""1"", ""VECLIB_MAXIMUM_THREADS"": ""1"", ""NUMEXPR_NUM_THREADS"": ""1""}",0,0.07499237499723677,"{""load_average"": [2.92529296875, 3.443359375, 3.25927734375], ""Pages free"": 8413, ""Pages throttled"": 0, ""Pageouts"": 250707, ""Swapouts"": 1206130}","[2.92529296875, 3.443359375, 3.25927734375]"
16,1,10000,1,sqlite,filter,cold,pilot,20261001,73130,"[2.92529296875, 3.443359375, 3.25927734375]","{""load_average"": [2.92529296875, 3.443359375, 3.25927734375], ""Pages free"": 8643, ""Pages throttled"": 0, ""Pageouts"": 250707, ""Swapouts"": 1206130}",True,0.009726875,0.00895,36667392,31850496,36700160,0.0438094999990426,0.00287275,0.006236709,0.0,0.000263459,1119,709751940f292885e4d56d083a9ba99bf1db9dfce5b88b595039dc855847accb,2026-10-01T18:14:57.058374+00:00,2026-10-01T18:14:57.068543+00:00,"{""OMP_NUM_THREADS"": ""1"", ""OPENBLAS_NUM_THREADS"": ""1"", ""MKL_NUM_THREADS"": ""1"", ""VECLIB_MAXIMUM_THREADS"": ""1"", ""NUMEXPR_NUM_THREADS"": ""1""}",0,0.07505725000373786,"{""load_average"": [2.92529296875, 3.443359375, 3.25927734375], ""Pages free"": 7263, ""Pages throttled"": 0, ""Pageouts"": 250707, ""Swapouts"": 1206130}","[2.92529296875, 3.443359375, 3.25927734375]"
17,1,10000,1,pandas,group,cold,pilot,20261001,73130,"[2.92529296875, 3.443359375, 3.25927734375]","{""load_average"": [2.92529296875, 3.443359375, 3.25927734375], ""Pages free"": 7484, ""Pages throttled"": 0, ""Pageouts"": 250707, ""Swapouts"": 1206130}",True,0.001698541,0.0015469999999999928,70336512,68894720,70385664,0.23560474999976577,0.000756125,0.000133375,0.0,4.1375e-05,64,c239f2ddcad08fca3dad82c1a9e62ea824796ca05d09fa6a0bb8216c273570ad,2026-10-01T18:14:57.332044+00:00,2026-10-01T18:14:57.334118+00:00,"{""OMP_NUM_THREADS"": ""1"", ""OPENBLAS_NUM_THREADS"": ""1"", ""MKL_NUM_THREADS"": ""1"", ""VECLIB_MAXIMUM_THREADS"": ""1"", ""NUMEXPR_NUM_THREADS"": ""1""}",0,0.2734459580024122,"{""load_average"": [2.92529296875, 3.443359375, 3.25927734375], ""Pages free"": 8137, ""Pages throttled"": 0, ""Pageouts"": 250707, ""Swapouts"": 1206130}","[2.92529296875, 3.443359375, 3.25927734375]"
18,1,10000,1,python,filter,warm,pilot,20261001,73130,"[2.92529296875, 3.443359375, 3.25927734375]","{""load_average"": [2.92529296875, 3.443359375, 3.25927734375], ""Pages free"": 8107, ""Pages throttled"": 0, ""Pageouts"": 250707, ""Swapouts"": 1206130}",True,0.00021775,0.00022000000000000491,35733504,31784960,35766272,0.04750758400041377,0.00281925,0.000985417,0.000243875,0.000276125,1119,709751940f292885e4d56d083a9ba99bf1db9dfce5b88b595039dc855847accb,2026-10-01T18:14:57.425783+00:00,2026-10-01T18:14:57.432465+00:00,"{""OMP_NUM_THREADS"": ""1"", ""OPENBLAS_NUM_THREADS"": ""1"", ""MKL_NUM_THREADS"": ""1"", ""VECLIB_MAXIMUM_THREADS"": ""1"", ""NUMEXPR_NUM_THREADS"": ""1""}",0,0.07389337499625981,"{""load_average"": [2.92529296875, 3.443359375, 3.25927734375], ""Pages free"": 8198, ""Pages throttled"": 0, ""Pageouts"": 250707, ""Swapouts"": 1206130}","[2.92529296875, 3.443359375, 3.25927734375]"
19,2,50000,1,sqlite,filter,warm,pilot,20261001,73130,"[2.92529296875, 3.443359375, 3.25927734375]","{""load_average"": [2.92529296875, 3.443359375, 3.25927734375], ""Pages free"": 9148, ""Pages throttled"": 0, ""Pageouts"": 250707, ""Swapouts"": 1206130}",True,0.002908458,0.002912999999999999,40484864,31834112,40517632,0.05470245800097473,0.002988208,0.023753792,0.003212042,0.001299625,5781,f47198486bdc455ede2ad23ea7b1c461fb64b372a429b4f82422af18e7279c8a,2026-10-01T18:14:58.537736+00:00,2026-10-01T18:14:58.574408+00:00,"{""OMP_NUM_THREADS"": ""1"", ""OPENBLAS_NUM_THREADS"": ""1"", ""MKL_NUM_THREADS"": ""1"", ""VECLIB_MAXIMUM_THREADS"": ""1"", ""NUMEXPR_NUM_THREADS"": ""1""}",0,0.12501033299486153,"{""load_average"": [2.92529296875, 3.443359375, 3.25927734375], ""Pages free"": 7726, ""Pages throttled"": 0, ""Pageouts"": 250707, ""Swapouts"": 1206130}","[2.92529296875, 3.443359375, 3.25927734375]"
20,2,50000,1,sqlite,group,warm,pilot,20261001,73130,"[2.92529296875, 3.443359375, 3.25927734375]","{""load_average"": [2.92529296875, 3.443359375, 3.25927734375], ""Pages free"": 7700, ""Pages throttled"": 0, ""Pageouts"": 250707, ""Swapouts"": 1206130}",True,0.009398791,0.009409,41959424,32047104,41992192,0.05082799999945564,0.003134833,0.023648042,0.009831083,7.9708e-05,64,d73d866c062f1a4202f13fde4d54860ff7c8007107f26300fb8c901717c2d21c,2026-10-01T18:14:58.657362+00:00,2026-10-01T18:14:58.706235+00:00,"{""OMP_NUM_THREADS"": ""1"", ""OPENBLAS_NUM_THREADS"": ""1"", ""MKL_NUM_THREADS"": ""1"", ""VECLIB_MAXIMUM_THREADS"": ""1"", ""NUMEXPR_NUM_THREADS"": ""1""}",0,0.12331645900121657,"{""load_average"": [2.92529296875, 3.443359375, 3.25927734375], ""Pages free"": 8972, ""Pages throttled"": 0, ""Pageouts"": 250707, ""Swapouts"": 1206130}","[2.92529296875, 3.443359375, 3.25927734375]"
21,2,50000,1,pandas,group,cold,pilot,20261001,73130,"[2.92529296875, 3.443359375, 3.25927734375]","{""load_average"": [2.92529296875, 3.443359375, 3.25927734375], ""Pages free"": 9210, ""Pages throttled"": 0, ""Pageouts"": 250707, ""Swapouts"": 1206130}",True,0.002175541,0.0020860000000000045,72810496,68927488,72843264,0.22808341699419543,0.000965791,0.000142959,0.0,3.8167e-05,64,d73d866c062f1a4202f13fde4d54860ff7c8007107f26300fb8c901717c2d21c,2026-10-01T18:14:58.964945+00:00,2026-10-01T18:14:58.967380+00:00,"{""OMP_NUM_THREADS"": ""1"", ""OPENBLAS_NUM_THREADS"": ""1"", ""MKL_NUM_THREADS"": ""1"", ""VECLIB_MAXIMUM_THREADS"": ""1"", ""NUMEXPR_NUM_THREADS"": ""1""}",0,0.2673278329966706,"{""load_average"": [2.92529296875, 3.443359375, 3.25927734375], ""Pages free"": 8872, ""Pages throttled"": 0, ""Pageouts"": 250707, ""Swapouts"": 1206130}","[2.92529296875, 3.443359375, 3.25927734375]"
22,2,50000,1,python,filter,warm,pilot,20261001,73130,"[2.92529296875, 3.443359375, 3.25927734375]","{""load_average"": [2.92529296875, 3.443359375, 3.25927734375], ""Pages free"": 7819, ""Pages throttled"": 0, ""Pageouts"": 250707, ""Swapouts"": 1206130}",True,0.001120833,0.001125000000000001,46202880,31850496,46350336,0.04578316700644791,0.00301125,0.004237083,0.00245225,0.001448291,5781,f47198486bdc455ede2ad23ea7b1c461fb64b372a429b4f82422af18e7279c8a,2026-10-01T18:14:59.058130+00:00,2026-10-01T18:14:59.073961+00:00,"{""OMP_NUM_THREADS"": ""1"", ""OPENBLAS_NUM_THREADS"": ""1"", ""MKL_NUM_THREADS"": ""1"", ""VECLIB_MAXIMUM_THREADS"": ""1"", ""NUMEXPR_NUM_THREADS"": ""1""}",0,0.08406245800142642,"{""load_average"": [2.92529296875, 3.443359375, 3.25927734375], ""Pages free"": 7089, ""Pages throttled"": 0, ""Pageouts"": 250707, ""Swapouts"": 1206130}","[2.92529296875, 3.443359375, 3.25927734375]"
23,2,50000,1,pandas,join,cold,pilot,20261001,73130,"[2.92529296875, 3.443359375, 3.25927734375]","{""load_average"": [2.92529296875, 3.443359375, 3.25927734375], ""Pages free"": 6805, ""Pages throttled"": 0, ""Pageouts"": 250707, ""Swapouts"": 1206130}",True,0.004312542,0.004144000000000009,76906496,68894720,76939264,0.23365737499989336,0.001146958,0.000201375,0.0,2.95e-05,8,3c94ae85159a6c617114341bec5aeec8395161e57722793a681f69308b4e8ff6,2026-10-01T18:14:59.337268+00:00,2026-10-01T18:14:59.341975+00:00,"{""OMP_NUM_THREADS"": ""1"", ""OPENBLAS_NUM_THREADS"": ""1"", ""MKL_NUM_THREADS"": ""1"", ""VECLIB_MAXIMUM_THREADS"": ""1"", ""NUMEXPR_NUM_THREADS"": ""1""}",0,0.2765910000016447,"{""load_average"": [2.92529296875, 3.443359375, 3.25927734375], ""Pages free"": 5426, ""Pages throttled"": 0, ""Pageouts"": 250707, ""Swapouts"": 1206130}","[2.92529296875, 3.443359375, 3.25927734375]"
24,2,50000,1,pandas,join,warm,pilot,20261001,73130,"[2.92529296875, 3.443359375, 3.25927734375]","{""load_average"": [2.92529296875, 3.443359375, 3.25927734375], ""Pages free"": 5654, ""Pages throttled"": 0, ""Pageouts"": 250707, ""Swapouts"": 1206130}",True,0.002414084,0.002371000000000012,77037568,69058560,77070336,0.24113333300192608,0.001182084,0.00017375,0.002785875,3.8708e-05,8,3c94ae85159a6c617114341bec5aeec8395161e57722793a681f69308b4e8ff6,2026-10-01T18:14:59.631608+00:00,2026-10-01T18:14:59.643856+00:00,"{""OMP_NUM_THREADS"": ""1"", ""OPENBLAS_NUM_THREADS"": ""1"", ""MKL_NUM_THREADS"": ""1"", ""VECLIB_MAXIMUM_THREADS"": ""1"", ""NUMEXPR_NUM_THREADS"": ""1""}",0,0.2908778339988203,"{""load_average"": [2.92529296875, 3.443359375, 3.25927734375], ""Pages free"": 7658, ""Pages throttled"": 0, ""Pageouts"": 250707, ""Swapouts"": 1206130}","[2.92529296875, 3.443359375, 3.25927734375]"
25,2,50000,1,sqlite,group,cold,pilot,20261001,73130,"[2.92529296875, 3.443359375, 3.25927734375]","{""load_average"": [2.92529296875, 3.443359375, 3.25927734375], ""Pages free"": 7883, ""Pages throttled"": 0, ""Pageouts"": 250707, ""Swapouts"": 1206130}",True,0.036093458,0.034893,41861120,31866880,41893888,0.047625999999581836,0.002956458,0.023584125,0.0,4.825e-05,64,d73d866c062f1a4202f13fde4d54860ff7c8007107f26300fb8c901717c2d21c,2026-10-01T18:14:59.734948+00:00,2026-10-01T18:14:59.771353+00:00,"{""OMP_NUM_THREADS"": ""1"", ""OPENBLAS_NUM_THREADS"": ""1"", ""MKL_NUM_THREADS"": ""1"", ""VECLIB_MAXIMUM_THREADS"": ""1"", ""NUMEXPR_NUM_THREADS"": ""1""}",0,0.10444570900290273,"{""load_average"": [2.92529296875, 3.443359375, 3.25927734375], ""Pages free"": 7147, ""Pages throttled"": 0, ""Pageouts"": 250707, ""Swapouts"": 1206130}","[2.92529296875, 3.443359375, 3.25927734375]"
26,2,50000,1,python,group,cold,pilot,20261001,73130,"[2.92529296875, 3.443359375, 3.25927734375]","{""load_average"": [2.92529296875, 3.443359375, 3.25927734375], ""Pages free"": 7115, ""Pages throttled"": 0, ""Pageouts"": 250707, ""Swapouts"": 1206130}",True,0.010954292,0.010237000000000003,46235648,31883264,46284800,0.04539762499916833,0.002976,0.004201458,0.0,5.2333e-05,64,d73d866c062f1a4202f13fde4d54860ff7c8007107f26300fb8c901717c2d21c,2026-10-01T18:14:59.846026+00:00,2026-10-01T18:14:59.857297+00:00,"{""OMP_NUM_THREADS"": ""1"", ""OPENBLAS_NUM_THREADS"": ""1"", ""MKL_NUM_THREADS"": ""1"", ""VECLIB_MAXIMUM_THREADS"": ""1"", ""NUMEXPR_NUM_THREADS"": ""1""}",0,0.07968841699766926,"{""load_average"": [2.92529296875, 3.443359375, 3.25927734375], ""Pages free"": 6926, ""Pages throttled"": 0, ""Pageouts"": 250707, ""Swapouts"": 1206130}","[2.92529296875, 3.443359375, 3.25927734375]"
27,2,50000,1,python,filter,cold,pilot,20261001,73130,"[2.92529296875, 3.443359375, 3.25927734375]","{""load_average"": [2.92529296875, 3.443359375, 3.25927734375], ""Pages free"": 6642, ""Pages throttled"": 0, ""Pageouts"": 250707, ""Swapouts"": 1206130}",True,0.010706667,0.009919999999999998,46333952,31981568,46465024,0.047872832998109516,0.002931334,0.004424708,0.0,0.0013035,5781,f47198486bdc455ede2ad23ea7b1c461fb64b372a429b4f82422af18e7279c8a,2026-10-01T18:14:59.936109+00:00,2026-10-01T18:14:59.948441+00:00,"{""OMP_NUM_THREADS"": ""1"", ""OPENBLAS_NUM_THREADS"": ""1"", ""MKL_NUM_THREADS"": ""1"", ""VECLIB_MAXIMUM_THREADS"": ""1"", ""NUMEXPR_NUM_THREADS"": ""1""}",0,0.08256758299830835,"{""load_average"": [2.92529296875, 3.443359375, 3.25927734375], ""Pages free"": 6245, ""Pages throttled"": 0, ""Pageouts"": 250707, ""Swapouts"": 1206130}","[2.92529296875, 3.443359375, 3.25927734375]"
28,2,50000,1,python,join,cold,pilot,20261001,73130,"[2.92529296875, 3.443359375, 3.25927734375]","{""load_average"": [2.92529296875, 3.443359375, 3.25927734375], ""Pages free"": 5956, ""Pages throttled"": 0, ""Pageouts"": 250707, ""Swapouts"": 1206130}",True,0.012313875,0.011861000000000003,46284800,31948800,46333952,0.04648466599610401,0.00305275,0.004074291,0.0,3.7209e-05,8,3c94ae85159a6c617114341bec5aeec8395161e57722793a681f69308b4e8ff6,2026-10-01T18:15:00.025839+00:00,2026-10-01T18:15:00.038371+00:00,"{""OMP_NUM_THREADS"": ""1"", ""OPENBLAS_NUM_THREADS"": ""1"", ""MKL_NUM_THREADS"": ""1"", ""VECLIB_MAXIMUM_THREADS"": ""1"", ""NUMEXPR_NUM_THREADS"": ""1""}",0,0.08231024999986403,"{""load_average"": [2.92529296875, 3.443359375, 3.25927734375], ""Pages free"": 7950, ""Pages throttled"": 0, ""Pageouts"": 250707, ""Swapouts"": 1206130}","[2.92529296875, 3.443359375, 3.25927734375]"
29,2,50000,1,pandas,group,warm,pilot,20261001,73130,"[2.92529296875, 3.443359375, 3.25927734375]","{""load_average"": [2.92529296875, 3.443359375, 3.25927734375], ""Pages free"": 7666, ""Pages throttled"": 0, ""Pageouts"": 250707, ""Swapouts"": 1206130}",True,0.000969125,0.0009689999999999976,72728576,68845568,72777728,0.2396507500016014,0.00160375,0.000182917,0.001314459,9.1416e-05,64,d73d866c062f1a4202f13fde4d54860ff7c8007107f26300fb8c901717c2d21c,2026-10-01T18:15:00.308637+00:00,2026-10-01T18:15:00.317844+00:00,"{""OMP_NUM_THREADS"": ""1"", ""OPENBLAS_NUM_THREADS"": ""1"", ""MKL_NUM_THREADS"": ""1"", ""VECLIB_MAXIMUM_THREADS"": ""1"", ""NUMEXPR_NUM_THREADS"": ""1""}",0,0.2860516250002547,"{""load_average"": [2.92529296875, 3.443359375, 3.25927734375], ""Pages free"": 7182, ""Pages throttled"": 0, ""Pageouts"": 250707, ""Swapouts"": 1206130}","[2.92529296875, 3.443359375, 3.25927734375]"
30,2,50000,1,python,join,warm,pilot,20261001,73130,"[2.92529296875, 3.443359375, 3.25927734375]","{""load_average"": [2.92529296875, 3.443359375, 3.25927734375], ""Pages free"": 5363, ""Pages throttled"": 0, ""Pageouts"": 250707, ""Swapouts"": 1206130}",True,0.005435458,0.005422999999999997,46219264,31883264,46268416,0.04790683399914997,0.002850459,0.004231958,0.005058792,4.3917e-05,8,3c94ae85159a6c617114341bec5aeec8395161e57722793a681f69308b4e8ff6,2026-10-01T18:15:00.411651+00:00,2026-10-01T18:15:00.433100+00:00,"{""OMP_NUM_THREADS"": ""1"", ""OPENBLAS_NUM_THREADS"": ""1"", ""MKL_NUM_THREADS"": ""1"", ""VECLIB_MAXIMUM_THREADS"": ""1"", ""NUMEXPR_NUM_THREADS"": ""1""}",0,0.09131266699841945,"{""load_average"": [2.92529296875, 3.443359375, 3.25927734375], ""Pages free"": 6946, ""Pages throttled"": 0, ""Pageouts"": 250707, ""Swapouts"": 1206130}","[2.92529296875, 3.443359375, 3.25927734375]"
31,2,50000,1,pandas,filter,warm,pilot,20261001,73130,"[2.92529296875, 3.443359375, 3.25927734375]","{""load_average"": [2.92529296875, 3.443359375, 3.25927734375], ""Pages free"": 7169, ""Pages throttled"": 0, ""Pageouts"": 250707, ""Swapouts"": 1206130}",True,0.001220583,0.0012240000000000029,73220096,68845568,73383936,0.22395745800167788,0.001154834,0.000155041,0.001729166,0.001302541,5781,f47198486bdc455ede2ad23ea7b1c461fb64b372a429b4f82422af18e7279c8a,2026-10-01T18:15:00.687861+00:00,2026-10-01T18:15:00.699252+00:00,"{""OMP_NUM_THREADS"": ""1"", ""OPENBLAS_NUM_THREADS"": ""1"", ""MKL_NUM_THREADS"": ""1"", ""VECLIB_MAXIMUM_THREADS"": ""1"", ""NUMEXPR_NUM_THREADS"": ""1""}",0,0.27026437500171596,"{""load_average"": [2.92529296875, 3.443359375, 3.25927734375], ""Pages free"": 8387, ""Pages throttled"": 0, ""Pageouts"": 250707, ""Swapouts"": 1206130}","[2.92529296875, 3.443359375, 3.25927734375]"
32,2,50000,1,pandas,filter,cold,pilot,20261001,73130,"[2.92529296875, 3.443359375, 3.25927734375]","{""load_average"": [2.92529296875, 3.443359375, 3.25927734375], ""Pages free"": 8614, ""Pages throttled"": 0, ""Pageouts"": 250707, ""Swapouts"": 1206130}",True,0.002874375,0.0026440000000000075,73482240,68976640,73646080,0.2297882920029224,0.001083709,0.000139541,0.0,0.001595708,5781,f47198486bdc455ede2ad23ea7b1c461fb64b372a429b4f82422af18e7279c8a,2026-10-01T18:15:00.972775+00:00,2026-10-01T18:15:00.977619+00:00,"{""OMP_NUM_THREADS"": ""1"", ""OPENBLAS_NUM_THREADS"": ""1"", ""MKL_NUM_THREADS"": ""1"", ""VECLIB_MAXIMUM_THREADS"": ""1"", ""NUMEXPR_NUM_THREADS"": ""1""}",0,0.27275229200313333,"{""load_average"": [2.92529296875, 3.443359375, 3.25927734375], ""Pages free"": 8561, ""Pages throttled"": 0, ""Pageouts"": 250707, ""Swapouts"": 1206130}","[2.92529296875, 3.443359375, 3.25927734375]"
33,2,50000,1,sqlite,filter,cold,pilot,20261001,73130,"[2.92529296875, 3.443359375, 3.25927734375]","{""load_average"": [2.92529296875, 3.443359375, 3.25927734375], ""Pages free"": 8783, ""Pages throttled"": 0, ""Pageouts"": 250707, ""Swapouts"": 1206130}",True,0.02930875,0.028207999999999997,40599552,31981568,40632320,0.04614600000058999,0.002950166,0.023251292,0.0,0.001292375,5781,f47198486bdc455ede2ad23ea7b1c461fb64b372a429b4f82422af18e7279c8a,2026-10-01T18:15:01.069017+00:00,2026-10-01T18:15:01.099902+00:00,"{""OMP_NUM_THREADS"": ""1"", ""OPENBLAS_NUM_THREADS"": ""1"", ""MKL_NUM_THREADS"": ""1"", ""VECLIB_MAXIMUM_THREADS"": ""1"", ""NUMEXPR_NUM_THREADS"": ""1""}",0,0.09727954199479427,"{""load_average"": [2.92529296875, 3.443359375, 3.25927734375], ""Pages free"": 7550, ""Pages throttled"": 0, ""Pageouts"": 250707, ""Swapouts"": 1206130}","[2.92529296875, 3.443359375, 3.25927734375]"
34,2,50000,1,sqlite,join,warm,pilot,20261001,73130,"[2.92529296875, 3.443359375, 3.25927734375]","{""load_average"": [2.92529296875, 3.443359375, 3.25927734375], ""Pages free"": 7518, ""Pages throttled"": 0, ""Pageouts"": 250707, ""Swapouts"": 1206130}",True,0.029925291,0.018834000000000004,41844736,31932416,41877504,0.04643125000438886,0.003032042,0.022592,0.119247417,4.375e-05,8,3c94ae85159a6c617114341bec5aeec8395161e57722793a681f69308b4e8ff6,2026-10-01T18:15:01.175049+00:00,2026-10-01T18:15:01.352684+00:00,"{""OMP_NUM_THREADS"": ""1"", ""OPENBLAS_NUM_THREADS"": ""1"", ""MKL_NUM_THREADS"": ""1"", ""VECLIB_MAXIMUM_THREADS"": ""1"", ""NUMEXPR_NUM_THREADS"": ""1""}",0,0.24432620799780125,"{""load_average"": [2.92529296875, 3.443359375, 3.25927734375], ""Pages free"": 7798, ""Pages throttled"": 0, ""Pageouts"": 250707, ""Swapouts"": 1206130}","[2.92529296875, 3.443359375, 3.25927734375]"
35,2,50000,1,python,group,warm,pilot,20261001,73130,"[2.92529296875, 3.443359375, 3.25927734375]","{""load_average"": [2.92529296875, 3.443359375, 3.25927734375], ""Pages free"": 8021, ""Pages throttled"": 0, ""Pageouts"": 250707, ""Swapouts"": 1206130}",True,0.003815042,0.003794999999999993,46153728,31817728,46186496,0.04721191700082272,0.003121458,0.004116959,0.00364775,5.1041e-05,64,d73d866c062f1a4202f13fde4d54860ff7c8007107f26300fb8c901717c2d21c,2026-10-01T18:15:01.429325+00:00,2026-10-01T18:15:01.447851+00:00,"{""OMP_NUM_THREADS"": ""1"", ""OPENBLAS_NUM_THREADS"": ""1"", ""MKL_NUM_THREADS"": ""1"", ""VECLIB_MAXIMUM_THREADS"": ""1"", ""NUMEXPR_NUM_THREADS"": ""1""}",0,0.0874667079988285,"{""load_average"": [2.92529296875, 3.443359375, 3.25927734375], ""Pages free"": 9771, ""Pages throttled"": 0, ""Pageouts"": 250707, ""Swapouts"": 1206130}","[2.92529296875, 3.443359375, 3.25927734375]"
36,2,50000,1,sqlite,join,cold,pilot,20261001,73130,"[2.92529296875, 3.443359375, 3.25927734375]","{""load_average"": [2.92529296875, 3.443359375, 3.25927734375], ""Pages free"": 12750, ""Pages throttled"": 0, ""Pageouts"": 250707, ""Swapouts"": 1206130}",True,0.041456708,0.040209999999999996,41877504,31916032,41910272,0.046499459000187926,0.003135041,0.023469167,0.0,4.0333e-05,8,3c94ae85159a6c617114341bec5aeec8395161e57722793a681f69308b4e8ff6,2026-10-01T18:15:01.524872+00:00,2026-10-01T18:15:01.566599+00:00,"{""OMP_NUM_THREADS"": ""1"", ""OPENBLAS_NUM_THREADS"": ""1"", ""MKL_NUM_THREADS"": ""1"", ""VECLIB_MAXIMUM_THREADS"": ""1"", ""NUMEXPR_NUM_THREADS"": ""1""}",0,0.10916462499881163,"{""load_average"": [2.92529296875, 3.443359375, 3.25927734375], ""Pages free"": 11558, ""Pages throttled"": 0, ""Pageouts"": 250707, ""Swapouts"": 1206130}","[2.92529296875, 3.443359375, 3.25927734375]"
